,k_value,n_params,train_time,baseline_accuracy,noise_0.1,noise_0.2,noise_0.3,noise_0.1_std,noise_0.2_std,noise_0.3_std,bootstrap_mean,bootstrap_std
1,1,5,1.9972565174102783,1.0,1.0,1.0,0.9995931993923739,0.0,0.0,4.560742970876372e-05,1.0,0.0
2,2,11,3.7806742191314697,1.0,1.0,1.0,0.9995674525184735,0.0,0.0,4.873048881838352e-05,1.0,0.0
3,3,15,5.45751953125,1.0,1.0,0.9999982835417398,0.9995537208523931,0.0,3.4329165200741586e-06,4.025451436952946e-05,1.0,0.0
4,4,16,5.603950262069702,1.0,1.0,0.9999982835417398,0.9995743183515134,0.0,3.4329165200741586e-06,5.6565047943376995e-05,1.0,0.0
