,k_value,n_params,train_time,baseline_accuracy,noise_0.1,noise_0.2,noise_0.3,noise_0.1_std,noise_0.2_std,noise_0.3_std,bootstrap_mean,bootstrap_std
1,1,6,0.0,1.0,1.0,1.0,1.0,0.0,0.0,0.0,1.0,0.0
2,2,16,0.00852346420288086,1.0,1.0,1.0,1.0,0.0,0.0,0.0,1.0,0.0
3,3,26,0.0,1.0,1.0,1.0,1.0,0.0,0.0,0.0,1.0,0.0
4,4,31,0.015240907669067383,1.0,1.0,1.0,1.0,0.0,0.0,0.0,1.0,0.0
5,5,32,0.0,1.0,1.0,1.0,0.9991247264770241,0.0,0.0,0.001750547045951878,1.0,0.0
