,k_value,n_params,train_time,baseline_accuracy,noise_0.1,noise_0.2,noise_0.3,noise_0.1_std,noise_0.2_std,noise_0.3_std,bootstrap_mean,bootstrap_std
1,1,5,0.2306971549987793,1.0,1.0,1.0,0.9997082020957956,0.0,0.0,3.72119283355988e-05,1.0,0.0
2,2,11,0.3800380229949951,1.0,1.0,0.9999982835417398,0.9995245410619727,0.0,3.4329165200741586e-06,9.189065346818042e-05,1.0,0.0
3,3,15,0.4755880832672119,1.0,1.0,0.9999931341669599,0.9994850625219922,0.0,6.422398727721278e-06,5.149374780077191e-05,1.0,0.0
4,4,16,0.591489315032959,1.0,1.0,0.9999948506252199,0.9994421510654915,0.0,4.204446901876287e-06,7.139310959784175e-05,1.0,0.0
