,k_value,n_params,train_time,baseline_accuracy,noise_0.1,noise_0.2,noise_0.3,noise_0.1_std,noise_0.2_std,noise_0.3_std,bootstrap_mean,bootstrap_std
1,1,5,0.2220923900604248,1.0,1.0,1.0,0.9997768604261965,0.0,0.0,3.0221366234940338e-05,1.0,0.0
2,2,11,0.35463523864746094,1.0,1.0,1.0,0.9996670070975548,0.0,0.0,6.980732552688727e-05,1.0,0.0
3,3,15,0.5272886753082275,1.0,1.0,1.0,0.9996893210549352,0.0,0.0,4.55427841345381e-05,1.0,0.0
4,4,16,0.6292800903320312,1.0,1.0,1.0,0.9996858881384153,0.0,0.0,4.4627914760703585e-05,1.0,0.0
